genotype,target,compound,pmid,doi,source_db,search_terms,date_frozen,date_redocumented,support_status,inclusion_rationale
# One row per literature-supported genotype-selective vulnerability. Fill BLIND to ΔpS' (see protocol).
# genotype: PTEN | CDKN2A | RB1 | TP53
# target: HGNC gene symbol of the SL target (expanded to all PRISM compounds annotated to it). Optional if 'compound' given.
# compound: exact drug name (matched to PRISM 'name', case-insensitive). Optional if 'target' given.
# pmid/doi: REQUIRED — the publication bearing on this genotype-specific SL/dependency claim. For a row whose
#   support_status is 'contradicted', this is the COUNTER-evidence; read support_status before treating it as support.
# source_db: where you found it (PubMed, SynLethDB, BioGRID ORCS, ChEMBL, review ...).
# search_terms: REQUIRED — the exact query string used, so a referee can re-run it. One row, one query.
# date_frozen: YYYY-MM-DD the reference list was frozen (before running the benchmark). NEVER overwrite this:
#   it is the audit trail proving the set predates the ΔpS' scoring. Record later edits in date_redocumented.
# date_redocumented: YYYY-MM-DD of any later provenance back-fill. Blank if the row has never been revised.
# support_status: supported | supported-no-contrast | uncited | contradicted
#   supported             = the paper demonstrates a genotype contrast (mutant vs WT, or engineered loss).
#   supported-no-contrast = the paper shows dependency in the genotype but reports NO comparison against the
#                           intact genotype, so it does not establish *selective* dependency.
#   uncited               = searched, nothing found. Leave pmid/doi empty. Do NOT fill them to tidy the row.
#   contradicted          = the literature points the other way. Keep the row visible; do not silently drop it.
# inclusion_rationale: one line — why this entry qualifies, plus any ORCS essentiality evidence.
RB1,AURKA,,30373917,10.1158/2159-8290.CD-18-0469,PubMed,"RB1 AND (AURKA OR LY3295668 OR alisertib) AND (synthetic lethal OR selective dependency) AND (SCLC OR lung)",,,supported,"Gong 2019: RB1 loss -> AURKA SL"
