genotype,target,compound,pmid,doi,source_db,search_terms,date_frozen,inclusion_rationale
PTEN,PARP1,olaparib,20049735,10.1002/emmm.200900041,PubMed; ChEMBL,"Mendes-Pereira PTEN deficient tumour cells poly(ADP-ribose) polymerase inhibitors",2026-08-31,"PTEN loss causes an HR defect and sensitises human tumour cells to PARP inhibition in vitro and in vivo; isogenic PTEN-mutant vs PTEN-wildtype comparison"
PTEN,PIK3CB,,18755892,10.1073/pnas.0802655105,PubMed,"PTEN-deficient tumors dependent on p110beta PIK3CB",2026-08-31,"Inducible shRNA knockdown across PTEN-deficient vs PIK3CA-mutant lines; only PIK3CB depletion blocks PI3K signalling and growth in PTEN-deficient cells"
PTEN,PIK3CB,KIN-193,22588880,10.1158/2159-8290.CD-12-0003,PubMed,"functional characterization isoform-selective inhibitor PI3K p110beta potential anticancer agent PTEN-deficient",2026-08-31,"p110beta-selective inhibitor KIN-193 blocks AKT signalling and tumour growth selectively in PTEN-null models across a 422-line panel"
PTEN,PIK3CB,AZD8186,25398829,10.1158/1535-7163.MCT-14-0406,PubMed,"Inhibition of PI3Kbeta signaling with AZD8186 inhibits growth of PTEN-deficient breast and prostate tumors",2026-08-31,"AZD8186 growth inhibition across a cell-line panel is enriched in PTEN-deficient lines; antitumour activity in PTEN-deficient xenografts"
PTEN,CHD1,,28166537,10.1038/nature21357,PubMed,"synthetic essentiality chromatin remodelling factor CHD1 PTEN-deficient cancer",2026-08-31,"CHD1 depletion suppresses proliferation and tumorigenicity of PTEN-deficient prostate and breast cancer cells but not PTEN-intact cells"
PTEN,CHD1,UNC10142,39508435,10.1021/acs.jmedchem.4c01172,PubMed,"PTEN synthetic lethal cancer inhibitor",2026-08-31,"First-in-class CHD1 chromodomain antagonist reduces viability of PTEN-deficient prostate cancer cells while PTEN-intact cells are unaffected"
PTEN,ATM,KU-60019,25870146,10.1158/0008-5472.CAN-14-3502,PubMed,"PTEN[Title] AND (synthetic lethal*[Title/Abstract] OR selective dependency[Title/Abstract] OR vulnerability[Title])",2026-08-31,"siRNA screen identifies PTEN-ATM synthetic lethality; KU-60019 selectively toxic to PTEN-deficient cells and reversed by wild-type PTEN reintroduction"
PTEN,DHODH,,28255082,10.1158/2159-8290.CD-16-0612,PubMed,"PTEN[Title] AND (synthetic lethal*[Title/Abstract] OR selective dependency[Title/Abstract] OR vulnerability[Title])",2026-08-31,"DHODH inhibition causes replication-fork damage and death selectively in PTEN-deficient vs PTEN-wildtype cells and tumours"
PTEN,DHODH,leflunomide,32661432,10.1038/s41391-020-0251-1,PubMed; ChEMBL,"PTEN[Title] AND (synthetic lethal*[Title/Abstract] OR selective dependency[Title/Abstract] OR vulnerability[Title])",2026-08-31,"Leflunomide selectively inhibits growth of PTEN-deficient vs PTEN-intact prostate cancer lines with xenograft tumour growth inhibition"
PTEN,ICMT,cysmethynil,41507994,10.1186/s40164-025-00738-0,PubMed; ChEMBL,"PTEN synthetic lethal cancer inhibitor",2026-08-31,"Combinatorial CRISPR screen identifies ICMT loss as synthetic lethal with PTEN deficiency; cysmethynil suppresses PTEN-mutant TNBC xenografts"
PTEN,STAT3,,41287778,10.7150/ijbs.111254,PubMed,"PTEN synthetic lethal cancer inhibitor",2026-08-31,"PTEN-deficient colorectal cancer cells hypersensitive to STAT3 inhibition via STAT3-PLK1 axis relative to PTEN-proficient CRC"
PTEN,MDM2,,37496993,10.7150/ijbs.82566,PubMed,"PTEN[Title] AND (synthetic lethal*[Title/Abstract] OR selective dependency[Title/Abstract] OR vulnerability[Title])",2026-08-31,"Synthetic-lethal drug screen in PTEN-isogenic CRC cells; MDM2 inhibition selectively kills PTEN-deficient CRC in vitro and in mouse models"
PTEN,BRD4,,38617536,10.7150/ijbs.91867,PubMed,"PTEN[Title] AND (synthetic lethal*[Title/Abstract] OR selective dependency[Title/Abstract] OR vulnerability[Title])",2026-08-31,"BET inhibition selectively induces G1 arrest and apoptosis in PTEN-deficient vs PTEN-proficient CRC cells, xenografts and organoids"
PTEN,EP300,anacardic acid,32398948,10.7150/ijbs.42197,PubMed,"PTEN[Title] AND (synthetic lethal*[Title/Abstract] OR selective dependency[Title/Abstract] OR vulnerability[Title])",2026-08-31,"p300/CBP HAT inhibitor selectively kills PTEN-null CRC cells and xenografts by destabilising AKT"
PTEN,PSMB5,carfilzomib,33428749,10.1093/neuonc/noab001,PubMed; ChEMBL,"PTEN synthetic lethal cancer inhibitor",2026-08-31,"Proteasome addiction and carfilzomib sensitivity track with PTEN loss in patient-derived glioblastoma stem cells"
PTEN,PSMB5,bortezomib,33220333,10.1016/j.canlet.2020.11.016,PubMed; ChEMBL,"PTEN[Title] AND (synthetic lethal*[Title/Abstract] OR selective dependency[Title/Abstract] OR vulnerability[Title])",2026-08-31,"PTEN knockdown increases bortezomib efficacy in gallbladder cancer in vitro and in vivo; PTEN-deficient PDX preferentially sensitive"
PTEN,MCL1,UMI-77,32737157,10.1158/1535-7163.MCT-20-0099,PubMed,"PTEN[Title] AND (synthetic lethal*[Title/Abstract] OR selective dependency[Title/Abstract] OR vulnerability[Title])",2026-08-31,"Synthetic-lethal screen on isogenic PTEN-wildtype vs PTEN-knockout glioblastoma cells identifies MCL1; UMI-77 suppresses PTEN-deficient GBM growth"
PTEN,PNKP,A83B4C63,33933518,10.1016/j.jconrel.2021.04.034,PubMed,"PTEN synthetic lethal cancer inhibitor",2026-08-31,"PNKP inhibitor inhibits growth of PTEN-null colorectal xenografts but not PTEN-proficient xenografts"
PTEN,NUAK1,HTH-01-015,29566768,10.1186/s13058-018-0949-3,PubMed,"PTEN-deficient selective sensitivity inhibitor isogenic",2026-08-31,"Genome-wide siRNA screen in isogenic PTEN+/- mammary lines identifies NUAK1 as PTEN synthetic-sick/lethal; HTH-01-015 selectively impairs PTEN-deficient viability"
PTEN,PDK1,,31461649,10.1016/j.celrep.2019.07.063,PubMed,"PTEN[Title] AND (synthetic lethal*[Title/Abstract] OR selective dependency[Title/Abstract] OR vulnerability[Title])",2026-08-31,"PDHK1 is synthetic-essential in PTEN-deficient cancer; loss of PTEN protein phosphatase upregulates PDHK1 and creates dependency in vitro and in vivo"
PTEN,SMARCA4,,30496141,10.1172/JCI123557,PubMed,"PTEN[Title] AND (synthetic lethal*[Title/Abstract] OR selective dependency[Title/Abstract] OR vulnerability[Title])",2026-08-31,"PTEN ablation sensitises to BRG1 depletion; a BRG1 antagonist selectively inhibits PTEN-deficient but not PTEN-intact prostate tumours"
PTEN,KDM4B,,30266800,10.1084/jem.20180439,PubMed,"PTEN[Title] AND (synthetic lethal*[Title/Abstract] OR selective dependency[Title/Abstract] OR vulnerability[Title])",2026-08-31,"Depletion or inhibition of KDM4B causes preferential apoptosis in PTEN-deficient vs PTEN-intact TNBC"
PTEN,RAD51,3E10,30863489,10.18632/oncotarget.26654,PubMed,"PTEN synthetic lethal cancer inhibitor",2026-08-31,"Cell-penetrating anti-RAD51 antibody synthetically lethal in PTEN-deficient glioma cells vs isogenic PTEN-proficient controls"
PTEN,LOX,,31185211,10.1016/j.ccell.2019.05.003,PubMed,"PTEN synthetic lethal cancer inhibitor",2026-08-31,"PTEN deficiency activates YAP1-LOX; LOX inhibition suppresses tumour progression specifically in PTEN-null GBM models"
PTEN,BCL2L1,,27590631,10.1158/1541-7786.MCR-16-0202,PubMed,"PTEN[Title] AND (synthetic lethal*[Title/Abstract] OR selective dependency[Title/Abstract] OR vulnerability[Title])",2026-08-31,"BCL-XL inhibition with PI3K/AKT inhibition induces synergistic apoptosis specifically in PTEN-mutant vs PTEN-wildtype prostate cancer cells"
CDKN2A,PRMT5,,26912360,10.1126/science.aad5214,PubMed,"MTAP deletion confers PRMT5 dependency Science 2016",2026-08-31,"MTAP loss (9p21 co-deletion with CDKN2A) confers selective PRMT5 dependency; isogenic MTAP-null vs MTAP-expressing pairs show preferential viability loss"
CDKN2A,WDR77,,26912360,10.1126/science.aad5214,PubMed,"MTAP deletion confers PRMT5 dependency Science 2016",2026-08-31,"WDR77/MEP50, the PRMT5 binding partner, scored as a co-dependency selective for MTAP-null vs MTAP-intact lines"
CDKN2A,PRMT5,,26912361,10.1126/science.aad5944,PubMed,"MTAP deletion PRMT5 shRNA screen cancer dependency Mavrakis",2026-08-31,"shRNA screen across 390 lines: PRMT5 depletion selectively impairs MTAP/CDKN2A-deleted lines; MTAP knockout confers dependency and re-expression rescues"
CDKN2A,MAT2A,,27068473,10.1016/j.celrep.2016.03.043,PubMed,"MTAP-deleted cancer PRMT5 vulnerability",2026-08-31,"shRNA screen in isogenic MTAP-deleted vs MTAP-intact cells identifies MAT2A as selectively required"
CDKN2A,RIOK1,,27068473,10.1016/j.celrep.2016.03.043,PubMed,"MTAP-deleted cancer PRMT5 vulnerability",2026-08-31,"RIOK1 reported as a vulnerability in CDKN2A/MTAP-deleted cells vs MTAP-intact controls; later contested for kinase-activity dependence"
CDKN2A,MAT2A,AG-270,33450196,10.1016/j.ccell.2020.12.010,PubMed; ChEMBL,"MAT2A inhibition MTAP-deleted cancer cells PRMT5-dependent mRNA splicing DNA damage",2026-08-31,"MAT2A inhibitors lower SAM and are antiproliferative in MTAP-deleted but not MTAP-WT lines and xenografts; isogenic HCT116 comparison"
CDKN2A,MAT2A,AG-270,33829783,10.1021/acs.jmedchem.0c01895,PubMed; ChEMBL,"CDKN2A deletion synthetic lethal screen identifies",2026-08-31,"First-in-class oral MAT2A inhibitor selectively blocks proliferation of MTAP-null vs MTAP-intact cancer cells in culture and xenografts"
CDKN2A,PRMT5,MRTX1719,37552839,10.1158/2159-8290.CD-23-0669,PubMed; ChEMBL,"MRTX1719 MTA-cooperative PRMT5 inhibitor MTAP-deleted",2026-08-31,"MTA-cooperative PRMT5 inhibitor with >70-fold selectivity in isogenic MTAP-del vs MTAP-WT cells; responses in MTAP-deleted NSCLC and mesothelioma"
CDKN2A,PRMT5,BMS-986504,40694535,10.1158/0008-5472.CAN-25-1507,PubMed,"Drizyte-Miller PRMT5 MTAP",2026-08-31,"BMS-986504 suppresses PRMT5 function and growth selectively in MTAP-deleted vs MTAP-intact pancreatic cancer cells and xenografts"
CDKN2A,PRMT5,AMG 193,40146197,10.1021/acs.jmedchem.4c03121,PubMed; ChEMBL,"AMG 193 PRMT5 MTAP-null preclinical",2026-08-31,"AMG 193 inhibits proliferation of MTAP-deleted cells with ~40x selectivity over isogenic MTAP-WT; oral efficacy in MTAP-null xenografts"
CDKN2A,PRMT5,TNG908,38595098,10.1021/acs.jmedchem.4c00133,PubMed,"TNG908 brain penetrant PRMT5 inhibitor MTAP",2026-08-31,"TNG908 binds the PRMT5-MTA complex and kills MTAP-deleted cells ~15-fold more potently than MTAP-intact cells"
CDKN2A,PRMT5,TNG908,39756156,10.1016/j.tranon.2024.102264,PubMed,"TNG908 brain penetrant PRMT5 inhibitor MTAP",2026-08-31,"Translational characterisation showing MTAP-null-selective PRMT5 inhibition and activity in multiple MTAP-deleted xenografts vs MTAP-WT"
CDKN2A,PRMT5,TNG462,40035511,10.1021/acs.jmedchem.4c03067,PubMed,"TNG908 TNG462 MTAP-deleted PRMT5",2026-08-31,"TNG462 is a more potent MTA-cooperative PRMT5 inhibitor selective for MTAP-deleted over MTAP-intact cells and xenografts"
CDKN2A,PRMT5,TNG462,40553452,10.1158/1078-0432.CCR-24-3610,PubMed,"TNG908 TNG462 MTAP-deleted PRMT5",2026-08-31,"TNG908/TNG462 reduce viability in MTAP-null but not MTAP-WT MPNST lines and HAP1 isogenics; regressions in MTAP-null PDX"
CDKN2A,PRMT5,quinacrine,33795785,10.1038/s41598-021-86834-7,PubMed; ChEMBL,"MTAP deleted non-small cell lung cancer PRMT5 dependency",2026-08-31,"Quinacrine suppresses PRMT5 and reduces clonogenicity in an MTAP-dependent manner in mesothelioma lines; rescued by wild-type but not catalytically dead PRMT5"
CDKN2A,PRMT1,GSK3368715,31257072,10.1016/j.ccell.2019.05.014,PubMed; ChEMBL,"type I PRMT inhibitor GSK3368715 MTAP deletion sensitivity",2026-08-31,"Type I PRMT inhibitor shows MTAP-deletion-correlated sensitivity across cancer lines and synergises with PRMT5 inhibition"
CDKN2A,PRMT1,,30916320,10.1093/nar/gkz200,PubMed,"CDKN2A loss sensitizes inhibition",2026-08-31,"CRISPR screen shows MTAP-deleted cells are more sensitive to PRMT1 loss/inhibition than MTAP-intact cells"
CDKN2A,MAT2A,,39983717,10.1016/j.xcrm.2025.101977,PubMed,"MTAP deletion methionine restriction sensitivity cancer",2026-08-31,"MTAP-deleted osteosarcoma models are selectively sensitive to MAT2A inhibition relative to MTAP-intact tumours"
CDKN2A,ACO1,fluorocitrate,31734690,10.1093/carcin/bgz185,PubMed,"9p21 deletion collateral lethality cancer target",2026-08-31,"ACO1 is a 9p21 passenger co-deleted with CDKN2A; fluorocitrate reduces viability in proportion to residual ACO1, with re-expression protecting"
CDKN2A,ADSS2,L-alanosine,10197619,,PubMed,"MTAP-deficient tumor cells L-alanosine selective killing",2026-08-31,"L-alanosine is ~4-fold more toxic to MTAP-null than MTAP-positive primary T-ALL cells; rescue only in MTAP-positive cells"
CDKN2A,HBS1L,,41101730,10.1016/j.bbamcr.2025.120070,PubMed,"CDKN2A deletion synthetic lethal screen identifies",2026-08-31,"Combinatorial CRISPR screens: HBS1L/PELO is synthetic lethal with FOCAD loss, co-deleted with CDKN2A/MTAP on 9p21"
CDKN2A,HBS1L,TNG961,42001523,10.1158/2159-8290.CD-26-0040,PubMed,"CDKN2A deletion synthetic lethal screen identifies",2026-08-31,"HBS1L molecular-glue degrader causes regression selectively in FOCAD-negative (9p21/CDKN2A-MTAP co-deleted) models"
CDKN2A,CDK4,palbociclib,24495407,10.1111/pcmr.12228,PubMed; ChEMBL,"CDKN2A loss melanoma cell lines sensitivity PD0332991",2026-08-31,"Across 47 melanoma lines, CDKN2A deletion/methylation/mutation predicts palbociclib sensitivity whereas RB1 loss predicts resistance"
CDKN2A,CDK6,palbociclib,24495407,10.1111/pcmr.12228,PubMed; ChEMBL,"CDKN2A loss melanoma cell lines sensitivity PD0332991",2026-08-31,"Same 47-line melanoma panel: CDKN2A-loss vs CDKN2A-intact predicts sensitivity to dual CDK4/6 inhibition"
CDKN2A,CDK4,palbociclib,22711607,10.1093/neuonc/nos114,PubMed; ChEMBL,"CDKN2A deletion palbociclib",2026-08-31,"CDKN2A/B-deleted patient-derived GBM xenograft lines with WT RB are growth-arrested by palbociclib whereas p16-expressing lines are resistant"
RB1,AURKB,barasertib,30373918,10.1158/2159-8290.CD-18-0389,PubMed; ChEMBL,"RB1 loss aurora kinase inhibitor sensitivity",2026-08-31,"CRISPR synthetic-lethal screen in RB1-null SCLC with conditional RB1 re-expression shows hyperdependence on AURKB; efficacy in SCLC xenografts"
RB1,AURKA,LY3295668,30373917,10.1158/2159-8290.CD-18-0469,PubMed; ChEMBL,"RB1 loss aurora kinase inhibitor sensitivity",2026-08-31,"Panel screen across RB1-mutant vs RB1-wildtype lines identified AURKA inhibition as synthetic lethal with RB1 loss; durable regression of RB1-deficient xenografts"
RB1,AURKA,,34741392,10.1002/kjm2.12469,PubMed,"RB-deficient OR RB1-null AND synthetic lethal",2026-08-31,"Synthetic lethality between RB1 loss-of-function and Aurora A inhibition in retinoblastoma cells with in vivo efficacy vs RB1-intact comparators"
RB1,TTK,CFI-402257,36070391,10.1126/sciadv.abq4293,PubMed,"RB1 loss aurora kinase inhibitor sensitivity",2026-08-31,"RB1 loss in CDK4/6i-resistant ER+ breast models conferred enhanced sensitivity to TTK/MPS1 inhibition relative to RB1-intact models"
RB1,CHEK1,,29386107,10.1016/j.celrep.2018.01.022,PubMed,"RB-null OR Rb-deficient AND selective therapeutic target",2026-08-31,"Drug screen with isogenic TNBC counter-screens identified CHK1 inhibition as RB-loss-selective; confirmed in xenografts"
RB1,PLK1,,29386107,10.1016/j.celrep.2018.01.022,PubMed,"RB-null OR Rb-deficient AND selective therapeutic target",2026-08-31,"Same isogenic TNBC RB-synthetic-lethal screen nominated chromosome-segregation inhibitors including PLK1"
RB1,XIAP,birinapant,41285729,10.1038/s41420-025-02864-4,PubMed; ChEMBL,"RB1 loss CHK1 inhibitor",2026-08-31,"Unbiased drug screen in isogenic RB-deficient vs RB-proficient TNBC; XIAP antagonist with CHK1 or AURKA inhibitors gave RB-loss-selective apoptosis"
RB1,SKP2,,32265224,10.1158/0008-5472.CAN-19-2400,PubMed,"SKP2 Rb1 deficient prostate cancer synthetic lethal",2026-08-31,"Skp2 deletion blocked SCLC formation in Rb1/Trp53-knockout mice; SKP2 inhibitors had antitumor activity in mouse and human SCLC PDX"
RB1,SRC,dasatinib,33334906,10.1158/1078-0432.CCR-20-2483,PubMed,"RB-deficient OR RB1-null AND synthetic lethal",2026-08-31,"CRISPR-generated RB1-null prostate cancer cells showed higher sensitivity to SRC inhibition than RB1-wildtype isogenic cells"
RB1,SRC,saracatinib,33334906,10.1158/1078-0432.CCR-20-2483,PubMed,"RB-deficient OR RB1-null AND synthetic lethal",2026-08-31,"Same isogenic RB1-null vs RB1-wildtype prostate comparison; saracatinib showed RB1-null-selective antiproliferative activity"
RB1,EZH2,,28059767,10.1126/science.aah4199,PubMed,"EZH2 inhibitor Rb1 p53 neuroendocrine prostate lineage plasticity",2026-08-31,"EZH2 inhibitors restored AR expression and antiandrogen sensitivity in Rb1-null but not Rb1-intact prostate tumours"
RB1,GPX4,JKE-1674,36928314,10.1172/JCI166647,PubMed,"RB1 deficient ferroptosis vulnerability",2026-08-31,"RB1 loss upregulates ACSL4 and sensitises to ferroptosis; GPX4 inhibitor blocked RB1-deficient prostate tumour growth vs RB1-proficient controls"
RB1,BCL2L1,navitoclax,40436896,10.1038/s41467-025-60238-x,PubMed; ChEMBL,"RB1 loss AND confers sensitivity OR sensitizes",2026-08-31,"Xenograft-derived 3D prostate models with RB1 loss were selectively sensitive to BCL-XL inhibition; prolonged regression in RB1-loss models"
RB1,CSNK2A1,,38781347,10.1126/sciadv.adj1564,PubMed; ChEMBL,"RB1 AND synthetic lethality AND dependency OR vulnerability",2026-08-31,"CRISPR knockout screen shows RB1 loss creates a CK2 dependency under replication-perturbing therapy; selective in RB1-deficient patient HGSC organoids"
RB1,ATR,camonsertib,41442499,10.1126/scitranslmed.adx6797,PubMed; ChEMBL,"RB1 AND synthetic lethality AND dependency OR vulnerability",2026-08-31,"ATR plus PKMYT1 coinhibition synthetic lethal in Rb1-deficient breast cancer; Rb1 knockdown sensitised and Rb1 re-expression protected"
RB1,PKMYT1,lunresertib,41442499,10.1126/scitranslmed.adx6797,PubMed; ChEMBL,"RB1 AND synthetic lethality AND dependency OR vulnerability",2026-08-31,"PKMYT1 arm of the same Rb1-deficient vs Rb1-proficient comparison; G2-M checkpoint disruption drove Rb1-selective apoptosis"
RB1,AHR,,40276038,10.1093/nargab/lqaf052,PubMed,"RB1 mutant bladder cancer selective dependency target",2026-08-31,"Computational SL prediction with experimental validation of selective sensitivity to AhR inhibition in RB1-mutant vs RB1-wildtype bladder cancer"
RB1,PARP1,,42618565,10.1038/s41392-026-02815-0,PubMed,"RB1 synthetic lethal cancer",2026-08-31,"High-throughput screening in isogenic hepatocellular models showed biallelic RB1-inactivated cells selectively sensitive to PARP inhibitors"
RB1,KIF11,,42618565,10.1038/s41392-026-02815-0,PubMed,"RB1 synthetic lethal cancer",2026-08-31,"Same isogenic RB1-biallelic-loss screen nominated mitotic regulators including KIF11 as RB1-loss-selective vulnerabilities"
RB1,NUDT15,mercaptopurine,40904703,10.1002/mco2.70361,PubMed,"RB1 loss AND confers sensitivity OR sensitizes",2026-08-31,"Collateral lethality: NUDT15 co-deleted with RB1; knockdown sensitised to mercaptopurine and ploidy correlated with sensitivity across 543 lines"
RB1,CCNA2,,40836083,10.1038/s41586-025-09433-w,PubMed,"cyclin A RxL macrocycle E2F cancer selective",2026-08-31,"Macrocyclic cyclin A RxL inhibitors selectively killed RB1/TP53-null SCLC and high-E2F cells versus checkpoint-intact cells"
RB1,CCNB1,,40836083,10.1038/s41586-025-09433-w,PubMed,"cyclin A RxL macrocycle E2F cancer selective",2026-08-31,"Cyclin B RxL arm: blocking cyclin B-MYT1 interaction drove mitotic death selectively in RB1-null/high-E2F SCLC models"
TP53,WEE1,MK-1775,19887545,10.1158/1535-7163.MCT-09-0463,PubMed,"MK-1775 Wee1 selectively sensitizes p53-deficient tumor cells DNA damaging agents",2026-08-31,"G2 checkpoint abrogation sensitises p53-deficient tumour lines and xenografts to gemcitabine/carboplatin/cisplatin vs p53-proficient comparators"
TP53,WEE1,MK-1775,21799033,10.1158/1078-0432.CCR-11-0650,PubMed,"MK-1775 Wee1 radiosensitizes p53-defective human tumor cells",2026-08-31,"Nanomolar MK-1775 radiosensitises p53-defective lung/breast/prostate lines and a lung xenograft but not p53 wild-type lines"
TP53,CHEK1,AZD7762,23839309,10.1158/1535-7163.MCT-13-0157,PubMed,"Chk1 inhibition p53 mutant abrogates G2 checkpoint mitotic catastrophe selective",2026-08-31,"AZD7762 sensitises p53-null/mutant HNSCC lines to cisplatin via mitotic death; wild-type TP53 lines not further sensitised"
TP53,CHEK1,UCN-01,22446188,10.1172/JCI58765,PubMed,"Targeting Chk1 p53-deficient triple-negative breast cancer human-in-mouse tumor models",2026-08-31,"Chk1 inhibition plus irinotecan induces apoptosis in TP53-mutant TNBC patient-derived lines but not TP53-WT; p53 knockdown sensitises the WT line"
TP53,CHEK1,MK-8776,30103170,10.1016/j.biomaterials.2018.08.007,PubMed,"p53-deficient synthetic lethal",2026-08-31,"MK-8776 selectively potentiates low-dose doxorubicin in p53-deficient breast cancer cells and xenografts; p53-proficient comparator not sensitised"
TP53,ATR,VE-821,21490603,10.1038/nchembio.573,PubMed,"ATR inhibitor selective killing p53-deficient cancer cells",2026-08-31,"Selective ATR inhibitor kills ATM- or p53-deficient cancer cells with genotoxics; synthetic lethality defined against proficient counterparts"
TP53,ATR,AZD6738,26563132,10.1182/blood-2015-05-644872,PubMed,"ATR inhibition synthetic lethality TP53 ATM defective chronic lymphocytic leukemia",2026-08-31,"AZD6738 selectively cytotoxic to TP53-defective CLL cells and reduces tumour load in TP53-defective xenografts vs TP53/ATM-intact CLL"
TP53,ATR,ETP-46464,21552262,10.1038/nsmb.2076,PubMed,"p53-deficient synthetic lethal",2026-08-31,"Cell-based screen: ATR inhibitors are particularly toxic to p53-deficient cells, exacerbated by replicative stress; p53-proficient comparator"
TP53,PLK1,,19225112,10.1073/pnas.0813333106,PubMed,"isogenic p53 inactivated cancer cells therapeutic approach polo-like kinase",2026-08-31,"Isogenic HCT116 TP53-targeted panel: stressed cells lacking WT TP53 upregulate PLK1 and are highly sensitive to PLK1 inhibitors in vitro and in vivo"
TP53,MAPKAPK2,,24239348,10.1016/j.celrep.2013.10.025,PubMed,"p53-deficient synthetic lethal",2026-08-31,"Reversible gene targeting in an autochthonous NSCLC model shows MK2 is required for cisplatin resistance specifically in p53-deficient lung tumours"
TP53,HSP90AA1,ganetespib,26009011,10.1038/nature14430,PubMed,"mutant p53 stabilized HSP90 inhibitor ganetespib survival dependence",2026-08-31,"HSP90 inhibition extends survival of mutant-p53 mice but not p53-null littermates; activity tracks mutant p53 degradation"
TP53,HDAC6,vorinostat,21637290,10.1038/cdd.2011.71,PubMed,"HDAC inhibitor SAHA preferential cytotoxicity mutant p53 cancer cells",2026-08-31,"SAHA is preferentially cytotoxic to mutant-p53 cancer cells vs p53 wild-type and p53-null lines via the HDAC6-HSP90 axis"
TP53,HMGCR,simvastatin,22265415,10.1016/j.cell.2011.12.017,PubMed; ChEMBL,"Mutant p53 disrupts mammary tissue architecture via the mevalonate pathway",2026-08-31,"Mutant p53 upregulates mevalonate-pathway genes; statins phenotypically revert mutant-p53 breast cancer 3D cultures whereas WT comparators are unaffected"
TP53,MVK,,27775703,10.1038/ncb3427,PubMed,"mutant p53 degradation statin mevalonate DNAJA1 Parrales",2026-08-31,"HTS identified statins and mevalonate-kinase knockdown as degraders of conformational mutant p53 with minimal effect on wild-type p53"
TP53,DNMT1,decitabine,25238040,10.18632/oncotarget.2441,PubMed,"p53-deficient synthetic lethal",2026-08-31,"DNA-methylation-altering drugs preferentially kill cells and xenografts carrying p53 mutation or deficiency vs matched p53 wild-type"
TP53,DNMT1,azacitidine,25238040,10.18632/oncotarget.2441,PubMed,"p53-deficient synthetic lethal",2026-08-31,"Same isogenic and in vivo comparison; demethylating agents show p53-mutant/null-selective lethality vs p53 wild-type controls"
TP53,POLQ,novobiocin,35972384,10.1158/0008-5472.CAN-22-1124,PubMed; ChEMBL,"synthetic lethality TP53 mutant cancer target",2026-08-31,"TP53-mutant cells maintain elevated POLQ and show increased novobiocin sensitivity vs TP53-WT; combination synthetic lethal in lines, organoids and PDX"
TP53,PRKDC,peposertib,35972384,10.1158/0008-5472.CAN-22-1124,PubMed,"synthetic lethality TP53 mutant cancer target",2026-08-31,"Peposertib plus POLQ inhibition selectively lethal in TP53-deficient lines, organoids and PDX vs TP53-WT; combination-only claim"
TP53,CDC7,XL413,31578521,10.1038/s41586-019-1607-3,PubMed; ChEMBL,"TP53 mutant cells vulnerability inhibitor metabolic enzyme selective growth",2026-08-31,"Kinome screen: CDC7 inhibition induces senescence selectively in TP53-mutant hepatocellular carcinoma vs TP53-WT"
TP53,PIP4K2A,,34001596,10.1073/pnas.2002486118,PubMed,"p53-null cells selectively killed inhibitor",2026-08-31,"Selective PI5P4K chemical probe causes energy-stress toxicity selective for p53-null tumour cells vs p53-proficient cells"
TP53,PIP4K2B,,34001596,10.1073/pnas.2002486118,PubMed,"p53-null cells selectively killed inhibitor",2026-08-31,"Same probe; PI5P4K beta co-required and its inhibition selectively toxic to p53-null tumour cells"
