gene,compound,dpS,ci_lo,ci_hi,n_wt,n_mut,pass_point,pass_excl0,pass_ci_le2
PTEN,12-O-tetradecanoylphorbol-13-acetate,-3.608,-5.716,-1.509,75,3,True,True,False
PTEN,8-hydroxy-PIPAT,-3.487,-5.415,-1.722,85,3,True,True,False
PTEN,A61603,-2.262,-3.291,-1.253,82,3,True,True,False
PTEN,ACY-1215,-3.219,-4.498,-1.992,84,3,True,True,False
PTEN,AZ-628,-3.055,-9.306,5.423,87,3,True,False,False
PTEN,AZ3146,-3.386,-4.68,-2.185,85,3,True,True,True
PTEN,AZD9668,-2.186,-3.43,-1.049,82,3,True,True,False
PTEN,CNX-774,-3.84,-5.032,-2.707,82,3,True,True,True
PTEN,FLI-06,-2.486,-3.749,-1.39,84,3,True,True,False
PTEN,GSK2110183,-3.888,-7.603,-0.676,81,3,True,True,False
PTEN,GSK461364,-2.117,-2.975,-1.335,88,3,True,True,False
PTEN,GSK650394,-2.203,-3.428,-1.1,87,3,True,True,False
PTEN,KI-8751,-2.031,-3.185,-0.937,86,3,True,True,False
PTEN,KW-2449,-2.255,-3.35,-1.262,84,3,True,True,False
PTEN,"L-798,106",-3.039,-4.236,-1.898,81,3,True,True,False
PTEN,MK-1775,-3.616,-8.137,-0.708,90,3,True,True,False
PTEN,NVP-AUY922,-2.391,-3.757,-1.061,90,3,True,True,False
PTEN,PETCM,-2.038,-3.409,-0.626,79,3,True,True,False
PTEN,PPT,-2.178,-3.496,-1.052,80,3,True,True,False
PTEN,PTC-209,-2.666,-3.916,-1.555,81,3,True,True,False
PTEN,R406,-2.298,-3.567,-1.133,84,3,True,True,False
PTEN,RAF265,-2.42,-3.641,-1.352,86,3,True,True,False
PTEN,RS-504393,-4.035,-5.936,-2.306,84,3,True,True,True
PTEN,SAR131675,-3.934,-5.138,-2.81,82,3,True,True,True
PTEN,SB-205384,-3.974,-5.358,-2.609,87,3,True,True,True
PTEN,SB-216641,-2.054,-11.497,6.418,87,3,True,False,False
PTEN,SB-218795,-2.489,-3.761,-1.287,76,3,True,True,False
PTEN,SB-366791,-4.054,-5.617,-2.557,86,3,True,True,True
PTEN,SGI-1776,-3.018,-4.331,-1.692,78,3,True,True,False
PTEN,SNS-314,-2.075,-4.565,-0.13,81,3,True,True,False
PTEN,TG-100713,-3.485,-7.877,-0.572,84,3,True,True,False
PTEN,TMC-353121,-2.688,-5.575,-0.629,85,3,True,True,False
PTEN,VS-4718,-2.911,-4.193,-1.687,80,3,True,True,False
PTEN,VU0364770,-2.63,-4.488,-0.975,84,3,True,True,False
PTEN,ZM-447439,-2.443,-3.485,-1.488,88,3,True,True,False
PTEN,ZSTK-474,-3.087,-5.192,-0.952,84,3,True,True,False
PTEN,adaprev,-2.6,-3.955,-1.267,89,3,True,True,False
PTEN,albendazole,-2.237,-3.355,-1.205,83,3,True,True,False
PTEN,alvocidib,-2.047,-3.401,0.125,89,3,True,False,False
PTEN,arctigenin,-2.648,-4.036,-1.245,86,3,True,True,False
PTEN,atipamezole,-3.203,-4.527,-1.915,84,3,True,True,False
PTEN,axitinib,-4.647,-8.216,-1.694,89,3,True,True,False
PTEN,balapiravir,-2.642,-3.765,-1.596,86,3,True,True,False
PTEN,barasertib-HQPA,-2.424,-3.816,-1.153,80,3,True,True,False
PTEN,belinostat,-2.474,-3.973,-1.072,90,3,True,True,False
PTEN,bexarotene,-2.088,-4.609,0.527,89,3,True,False,False
PTEN,birinapant,-4.126,-5.985,-2.184,86,3,True,True,True
PTEN,bitopertin,-3.318,-5.73,-1.324,85,3,True,True,False
PTEN,calcitriol,-2.231,-4.001,-0.737,83,3,True,True,False
PTEN,chlorquinaldol,-4.287,-5.653,-2.889,82,3,True,True,True
PTEN,cimetidine,-3.023,-7.469,3.181,72,3,True,False,False
PTEN,cytochlor,-2.661,-3.886,-1.524,85,3,True,True,False
PTEN,dabrafenib,-2.912,-8.724,6.18,88,3,True,False,False
PTEN,dacomitinib,-2.37,-4.34,0.027,90,3,True,False,False
PTEN,darifenacin,-4.187,-5.718,-2.615,85,3,True,True,True
PTEN,filanesib,-3.966,-6.411,-1.793,86,3,True,True,False
PTEN,fludarabine-phosphate,-3.181,-5.102,-1.498,83,3,True,True,False
PTEN,flumethasone,-4.392,-5.88,-2.993,82,3,True,True,True
PTEN,foscarnet,-3.628,-4.834,-2.396,81,3,True,True,True
PTEN,hydroxyurea,-4.18,-5.591,-2.81,85,3,True,True,True
PTEN,ibrutinib,-2.329,-7.475,1.31,89,3,True,False,False
PTEN,idazoxan,-2.02,-3.021,-1.12,85,3,True,True,False
PTEN,indiplon,-2.738,-3.909,-1.532,88,3,True,True,False
PTEN,ingenol-mebutate,-4.472,-7.22,-2.137,86,3,True,True,True
PTEN,irinotecan,-3.493,-4.87,-2.139,89,3,True,True,True
PTEN,isofloxythepin,-3.175,-4.345,-2.073,81,3,True,True,True
PTEN,levocetirizine,-3.533,-4.812,-2.237,87,3,True,True,True
PTEN,litronesib,-5.023,-7.053,-3.102,85,3,True,True,True
PTEN,lonafarnib,-3.7,-5.116,-2.376,87,3,True,True,True
PTEN,lucitanib,-3.858,-5.964,-1.915,84,3,True,True,False
PTEN,mechlorethamine,-4.215,-9.092,0.695,77,3,True,False,False
PTEN,metatinib,-2.318,-3.996,-0.942,89,3,True,True,False
PTEN,mozavaptan,-2.815,-4.943,-1.011,80,3,True,True,False
PTEN,navitoclax,-2.975,-7.413,3.337,90,3,True,False,False
PTEN,novobiocin,-5.146,-6.323,-3.979,85,3,True,True,True
PTEN,odanacatib,-5.596,-9.592,-2.44,85,3,True,True,True
PTEN,oxiracetam,-2.437,-3.556,-1.432,89,3,True,True,False
PTEN,pevonedistat,-4.336,-6.428,-2.057,89,3,True,True,True
PTEN,pheniramine,-3.372,-4.73,-2.07,81,3,True,True,True
PTEN,repsox,-3.755,-5.036,-2.492,88,3,True,True,True
PTEN,resminostat,-2.228,-3.636,-0.776,89,3,True,True,False
PTEN,ribociclib,-2.398,-8.424,7.423,89,3,True,False,False
PTEN,rutin,-2.652,-3.925,-1.387,88,3,True,True,False
PTEN,saxagliptin,-4.252,-5.745,-2.823,83,3,True,True,True
PTEN,selumetinib,-4.287,-6.678,-2.006,90,3,True,True,True
PTEN,sertindole,-5.255,-12.177,-1.09,84,3,True,True,False
PTEN,simvastatin,-2.192,-3.124,-1.353,87,3,True,True,False
PTEN,sodium-stibogluconate,-4.31,-5.756,-2.949,82,3,True,True,True
PTEN,spermidine,-2.55,-4.342,-0.954,83,3,True,True,False
PTEN,spiradoline,-2.047,-4.698,-0.143,84,3,True,True,False
PTEN,taselisib,-3.297,-4.776,-1.935,88,3,True,True,False
PTEN,tideglusib,-2.176,-3.266,-1.249,83,3,True,True,False
PTEN,tiotidine,-2.48,-3.626,-1.352,85,3,True,True,False
PTEN,tipifarnib,-2.071,-3.816,-0.568,85,3,True,True,False
PTEN,tozasertib,-2.655,-5.634,1.053,90,3,True,False,False
PTEN,tyrphostin-AG-1296,-4.379,-8.402,-1.458,87,3,True,True,False
PTEN,uprosertib,-2.917,-6.402,-0.206,90,3,True,True,False
CDKN2A,5-fluorouracil,-2.687,-4.241,-1.362,66,11,True,True,False
CDKN2A,ACY-1215,-2.59,-5.217,-0.113,72,12,True,True,False
CDKN2A,AM-251,-3.215,-5.975,-0.439,72,12,True,True,False
CDKN2A,CCT129202,-2.928,-4.266,-1.663,72,12,True,True,False
CDKN2A,ENMD-2076,-2.075,-3.325,-0.916,68,10,True,True,False
CDKN2A,FERb-033,-2.091,-5.507,1.851,68,12,True,False,False
CDKN2A,GSK2110183,-2.262,-4.099,-0.129,70,11,True,True,False
CDKN2A,IDRA-21,-2.706,-3.829,-1.673,68,11,True,True,False
CDKN2A,KW-2449,-3.102,-4.929,-1.557,73,12,True,True,False
CDKN2A,MK-8245,-2.123,-3.881,-0.679,74,13,True,True,False
CDKN2A,MLN0128,-2.123,-3.32,-0.839,77,13,True,True,False
CDKN2A,PFK-015,-2.469,-4.77,-0.512,59,9,True,True,False
CDKN2A,SAR131675,-2.881,-4.983,-0.23,70,12,True,True,False
CDKN2A,SB-505124,-2.143,-4.658,1.694,71,13,True,False,False
CDKN2A,TWS-119,-2.818,-5.04,-0.195,72,12,True,True,False
CDKN2A,VTP-27999,-2.298,-5.534,1.527,56,9,True,False,False
CDKN2A,azacitidine,-2.318,-6.354,2.772,76,13,True,False,False
CDKN2A,barasertib-HQPA,-2.276,-3.674,-0.955,69,11,True,True,False
CDKN2A,betulinic-acid,-3.548,-5.186,-1.924,58,10,True,True,False
CDKN2A,canertinib,-2.179,-4.752,0.532,77,13,True,False,False
CDKN2A,clomifene,-3.15,-6.127,0.102,72,12,True,False,False
CDKN2A,cyclovirobuxin-d,-3.754,-7.103,0.136,61,9,True,False,False
CDKN2A,dichloroacetate,-2.249,-4.943,0.573,76,11,True,False,False
CDKN2A,dovitinib,-2.153,-4.261,-0.186,75,13,True,True,False
CDKN2A,everolimus,-4.079,-8.245,0.539,76,13,True,False,False
CDKN2A,filanesib,-4.406,-6.49,-2.506,76,11,True,True,True
CDKN2A,golvatinib,-2.399,-4.131,-0.694,71,12,True,True,False
CDKN2A,ibutilide,-2.148,-3.333,-1.072,65,12,True,True,False
CDKN2A,indisulam,-2.519,-5.452,0.604,71,11,True,False,False
CDKN2A,ispinesib,-2.484,-5.406,1.045,77,13,True,False,False
CDKN2A,ketoconazole,-2.144,-4.726,0.9,53,11,True,False,False
CDKN2A,levocetirizine,-2.815,-5.034,-0.383,74,13,True,True,False
CDKN2A,levonorgestrel,-3.994,-8.335,0.631,53,11,True,False,False
CDKN2A,lucitanib,-3.912,-5.422,-2.48,71,13,True,True,True
CDKN2A,meclizine,-2.54,-4.69,-0.666,67,11,True,True,False
CDKN2A,mifepristone,-2.303,-3.834,-0.46,74,13,True,True,False
CDKN2A,mozavaptan,-2.319,-5.782,1.137,67,13,True,False,False
CDKN2A,navitoclax,-2.761,-6.408,1.508,77,13,True,False,False
CDKN2A,neratinib,-2.344,-5.187,1.051,76,13,True,False,False
CDKN2A,norfloxacin,-2.198,-5.005,0.995,74,12,True,False,False
CDKN2A,oxprenolol,-2.603,-4.361,-1.128,72,12,True,True,False
CDKN2A,pazopanib,-2.789,-4.838,-0.488,76,13,True,True,False
CDKN2A,pheniramine,-3.24,-5.745,-0.822,71,12,True,True,False
CDKN2A,ranitidine,-4.824,-7.017,-2.609,49,9,True,True,True
CDKN2A,rigosertib,-2.598,-4.693,-0.065,77,13,True,True,False
CDKN2A,tanshinone-i,-3.677,-6.217,-1.323,64,10,True,True,False
CDKN2A,tepoxalin,-2.664,-6.235,1.258,70,11,True,False,False
CDKN2A,ubenimex,-3.535,-7.9,1.987,49,8,True,False,False
RB1,1-phenylbiguanide,-2.097,-3.591,-0.748,64,7,True,True,False
RB1,5-fluorouracil,-2.275,-3.488,-1.205,73,6,True,True,False
RB1,5-hydroxymethyl-tolterodine,-2.266,-4.794,-0.581,66,7,True,True,False
RB1,AC-264613,-3.44,-4.875,-2.095,80,8,True,True,True
RB1,ACY-1215,-3.526,-4.781,-2.233,78,8,True,True,True
RB1,AMG900,-2.941,-3.996,-1.851,79,8,True,True,False
RB1,AVN-944,-2.006,-5.043,2.213,84,8,True,False,False
RB1,AZ3146,-3.926,-5.269,-2.701,80,7,True,True,True
RB1,AZD2461,-2.493,-4.726,0.435,76,8,True,False,False
RB1,BIBR-1532,-2.276,-3.435,-1.21,80,8,True,True,False
RB1,CGP-54626,-2.193,-3.787,-0.864,48,4,True,True,False
RB1,D-64131,-2.16,-4.714,-0.512,76,7,True,True,False
RB1,GDC-0941,-2.047,-3.773,-0.58,80,7,True,True,False
RB1,GSK1292263,-2.501,-3.766,-1.353,79,6,True,True,False
RB1,GSK2110183,-2.826,-5.392,-0.085,76,7,True,True,False
RB1,GSK650394,-2.179,-3.499,-1.008,81,8,True,True,False
RB1,ICG-001,-2.085,-5.288,2.486,82,7,True,False,False
RB1,KW-2449,-2.359,-3.658,-1.221,78,8,True,True,False
RB1,MK-2206,-6.467,-8.8,-4.015,70,6,True,True,True
RB1,NVP-AEW541,-2.602,-7.265,2.182,63,8,True,False,False
RB1,NVP-BEZ235,-4.037,-6.084,-2.269,83,8,True,True,True
RB1,NVP-BHG712,-2.278,-4.623,0.71,72,8,True,False,False
RB1,OTX015,-4.128,-6.113,-2.265,64,5,True,True,True
RB1,PF-04457845,-2.844,-4.547,-1.303,84,8,True,True,False
RB1,PR-619,-2.222,-5.547,0.025,74,7,True,False,False
RB1,PTC-209,-2.719,-4.168,-1.446,76,7,True,True,False
RB1,SAR131675,-2.291,-6.329,2.502,77,7,True,False,False
RB1,SB-218078,-3.384,-5.217,-1.743,81,8,True,True,False
RB1,SB-218795,-2.428,-3.574,-1.323,72,6,True,True,False
RB1,SB-366791,-2.511,-4.299,-0.241,80,8,True,True,False
RB1,SC-144,-2.278,-5.378,1.98,78,6,True,False,False
RB1,SGI-1776,-3.176,-6.44,0.754,74,7,True,False,False
RB1,SNS-314,-3.186,-4.626,-1.791,76,7,True,True,False
RB1,TWS-119,-2.606,-5.302,1.242,79,8,True,False,False
RB1,UNBS-5162,-2.445,-4.117,-1.059,75,7,True,True,False
RB1,UNC2250,-5.111,-6.733,-3.58,75,7,True,True,True
RB1,VLX600,-2.243,-3.393,-1.244,82,8,True,True,False
RB1,VU0364770,-2.935,-4.336,-1.701,79,8,True,True,False
RB1,ZK-93426,-2.929,-4.303,-1.637,78,8,True,True,False
RB1,ZM-447439,-2.571,-3.718,-1.446,82,8,True,True,False
RB1,adaprev,-3.221,-4.713,-1.905,83,8,True,True,False
RB1,albendazole,-2.131,-3.286,-1.068,79,7,True,True,False
RB1,aspirin,-6.163,-9.089,-3.337,73,6,True,True,True
RB1,atipamezole,-3.703,-5.049,-2.558,78,8,True,True,True
RB1,barasertib,-4.114,-6.105,-1.975,84,8,True,True,False
RB1,barasertib-HQPA,-2.661,-4.018,-1.4,75,7,True,True,False
RB1,belinostat,-3.58,-6.027,-1.591,84,8,True,True,False
RB1,betulinic-acid,-3.154,-5.776,0.366,62,7,True,False,False
RB1,birinapant,-2.118,-5.08,1.779,81,7,True,False,False
RB1,bucladesine,-3.35,-4.919,-1.92,49,4,True,True,False
RB1,busulfan,-3.523,-5.002,-2.037,72,6,True,True,True
RB1,butylscopolamine-bromide,-3.476,-5.603,-1.779,70,7,True,True,False
RB1,calcitriol,-2.325,-5.25,-0.304,79,7,True,True,False
RB1,chlorhexidine,-2.533,-6.924,0.176,74,5,True,False,False
RB1,chlorpropamide,-3.263,-4.506,-2.075,72,7,True,True,True
RB1,defactinib,-3.744,-7.268,-1.29,63,6,True,True,False
RB1,ebastine,-2.797,-5.895,-0.908,79,7,True,True,False
RB1,erastin,-2.311,-3.644,-1.144,64,7,True,True,False
RB1,evacetrapib,-2.179,-3.15,-1.277,78,5,True,True,False
RB1,fludarabine-phosphate,-2.465,-3.954,-0.981,79,6,True,True,False
RB1,fludroxycortide,-3.642,-5.126,-2.307,76,7,True,True,True
RB1,gastrodin,-2.389,-3.602,-1.217,80,8,True,True,False
RB1,hydroxyurea,-3.863,-5.34,-2.455,81,6,True,True,True
RB1,indisulam,-4.383,-5.898,-2.989,76,8,True,True,True
RB1,litronesib,-2.643,-6.292,2.196,79,8,True,False,False
RB1,maytansinol-isobutyrate,-2.603,-4.052,-1.218,43,6,True,True,False
RB1,meglitinide,-2.439,-4.885,0.637,78,5,True,False,False
RB1,melphalan,-2.843,-4.131,-1.525,79,6,True,True,False
RB1,methoxyflurane,-2.065,-4.217,-0.377,78,8,True,True,False
RB1,niraparib,-2.62,-5.817,1.38,78,8,True,False,False
RB1,olaparib,-4.485,-7.819,-1.807,84,8,True,True,False
RB1,oxazepam,-2.016,-4.985,1.949,72,6,True,False,False
RB1,pheniramine,-3.528,-5.009,-2.118,75,8,True,True,True
RB1,phenylbutazone,-3.78,-7.578,-0.715,74,6,True,True,False
RB1,pterostilbene,-2.265,-6.661,2.464,61,5,True,False,False
RB1,repsox,-2.405,-4.469,0.272,82,8,True,False,False
RB1,rifampin,-2.371,-3.465,-1.256,81,8,True,True,False
RB1,rociletinib,-2.912,-5.082,-0.656,83,8,True,True,False
RB1,ruxolitinib,-2.763,-6.798,0.865,83,8,True,False,False
RB1,saxagliptin,-2.431,-5.157,1.171,79,6,True,False,False
RB1,sodium-stibogluconate,-2.885,-4.955,-0.561,76,8,True,True,False
RB1,sulfabenzamide,-2.25,-5.185,1.57,65,7,True,False,False
RB1,sunitinib,-2.022,-5.02,1.523,84,8,True,False,False
RB1,talazoparib,-3.029,-6.276,0.903,84,8,True,False,False
RB1,taselisib,-3.526,-4.94,-2.233,82,8,True,True,True
RB1,tedizolid,-2.223,-3.427,-1.142,81,7,True,True,False
RB1,teprenone,-2.207,-3.907,-0.6,76,7,True,True,False
RB1,thiamine,-3.235,-8.412,2.314,68,8,True,False,False
RB1,tipranavir,-3.146,-4.449,-1.903,65,7,True,True,False
RB1,tivozanib,-2.971,-6.181,0.515,84,8,True,False,False
RB1,tozasertib,-3.671,-6.614,0.207,84,8,True,False,False
RB1,tyrphostin-AG-1296,-2.124,-3.272,-1.091,81,8,True,True,False
RB1,uprosertib,-3.138,-5.084,-0.984,84,8,True,True,False
RB1,vincamine,-3.376,-4.698,-1.941,81,7,True,True,False
TP53,2-methoxyestradiol,-2.005,-4.43,0.401,17,73,True,False,False
TP53,AZD2858,-2.12,-5.354,0.597,17,64,True,False,False
TP53,LY2183240,-2.021,-4.469,0.017,17,71,True,False,False
TP53,MK-8245,-2.384,-5.202,0.203,16,72,True,False,False
TP53,SB-743921,-6.071,-9.113,-3.083,5,26,True,True,True
TP53,albendazole,-2.403,-6.007,0.759,15,70,True,False,False
TP53,difluprednate,-2.365,-5.423,0.409,16,70,True,False,False
TP53,docetaxel,-2.908,-6.934,0.451,17,73,True,False,False
TP53,filanesib,-5.127,-10.005,-0.103,17,69,True,True,False
TP53,ispinesib,-4.721,-8.757,-0.399,17,73,True,True,False
TP53,litronesib,-6.158,-11.574,-0.923,16,69,True,True,False
TP53,motesanib,-2.077,-5.545,1.197,14,63,True,False,False
TP53,naloxone,-2.806,-5.906,0.098,8,53,True,False,False
TP53,navitoclax,-3.16,-7.164,1.059,17,73,True,False,False
TP53,paclitaxel,-2.427,-6.566,1.385,17,73,True,False,False
TP53,rigosertib,-3.307,-7.172,0.303,17,72,True,False,False
