ModelID,PTEN,RB1,TP53,CDKN2A
ACH-000781,0.0,0.0,2.0,0.0
ACH-000900,0.0,0.0,2.0,0.0
ACH-000945,0.0,0.0,2.0,0.0
ACH-000929,0.0,0.0,2.0,0.0
ACH-000481,0.0,0.0,2.0,0.0
ACH-000853,0.0,0.0,2.0,2.0
ACH-001113,0.0,0.0,2.0,0.0
ACH-000747,0.0,0.0,2.0,2.0
ACH-000843,0.0,0.0,2.0,0.0
ACH-000035,0.0,0.0,2.0,0.0
ACH-000886,0.0,0.0,2.0,0.0
ACH-000666,0.0,0.0,2.0,0.0
ACH-000766,0.0,0.0,2.0,0.0
ACH-000878,0.0,2.0,2.0,0.0
ACH-000787,0.0,0.0,2.0,1.0
ACH-000890,0.0,0.0,2.0,0.0
ACH-000669,0.0,0.0,2.0,0.0
ACH-000553,0.0,0.0,2.0,0.0
ACH-000875,0.0,0.0,2.0,0.0
ACH-000672,0.0,0.0,2.0,2.0
ACH-000367,0.0,0.0,0.0,0.0
ACH-000791,0.0,0.0,2.0,0.0
ACH-000665,0.0,0.0,2.0,0.0
ACH-000563,0.0,0.0,2.0,0.0
ACH-000845,0.0,0.0,2.0,2.0
ACH-000528,0.0,0.0,2.0,0.0
ACH-000852,0.0,0.0,2.0,0.0
ACH-000261,0.0,0.0,2.0,0.0
ACH-001075,0.0,0.0,0.0,0.0
ACH-000510,0.0,0.0,0.0,0.0
ACH-000309,0.0,0.0,2.0,0.0
ACH-000901,0.0,0.0,2.0,0.0
ACH-000390,0.0,0.0,2.0,0.0
ACH-000892,0.0,0.0,0.0,0.0
ACH-000015,0.0,0.0,2.0,0.0
ACH-000916,0.0,0.0,2.0,1.0
ACH-000627,0.0,0.0,2.0,0.0
ACH-000603,0.0,0.0,2.0,1.0
ACH-000803,0.0,1.0,1.0,0.0
ACH-000677,0.0,0.0,0.0,0.0
ACH-000395,0.0,0.0,2.0,2.0
ACH-000670,0.0,0.0,2.0,0.0
ACH-000463,0.0,0.0,0.0,0.0
ACH-000521,0.0,0.0,2.0,0.0
ACH-000628,0.0,2.0,0.0,0.0
ACH-000924,0.0,0.0,2.0,0.0
ACH-000749,2.0,2.0,0.0,0.0
ACH-000826,0.0,0.0,2.0,2.0
ACH-000186,2.0,0.0,2.0,1.0
ACH-000447,0.0,2.0,2.0,0.0
ACH-000744,0.0,0.0,2.0,0.0
ACH-000434,0.0,0.0,2.0,0.0
ACH-000292,0.0,0.0,2.0,0.0
ACH-000840,0.0,0.0,2.0,0.0
ACH-000021,0.0,0.0,2.0,0.0
ACH-000785,0.0,0.0,2.0,0.0
ACH-000800,1.0,2.0,2.0,0.0
ACH-000860,0.0,0.0,0.0,0.0
ACH-000775,0.0,0.0,0.0,0.0
ACH-000343,0.0,0.0,2.0,0.0
ACH-000264,0.0,0.0,2.0,0.0
ACH-000733,0.0,0.0,2.0,0.0
ACH-000066,0.0,0.0,2.0,0.0
ACH-000496,0.0,0.0,2.0,0.0
ACH-000921,2.0,0.0,2.0,2.0
ACH-000176,0.0,0.0,2.0,0.0
ACH-000161,0.0,0.0,0.0,0.0
ACH-000868,0.0,0.0,2.0,0.0
ACH-000454,0.0,0.0,2.0,0.0
ACH-000311,0.0,0.0,1.0,0.0
ACH-000813,0.0,2.0,2.0,0.0
ACH-000587,0.0,0.0,2.0,2.0
ACH-000888,0.0,0.0,1.0,0.0
ACH-000774,0.0,0.0,2.0,0.0
ACH-000662,0.0,0.0,0.0,2.0
ACH-000837,0.0,0.0,2.0,0.0
ACH-000589,0.0,0.0,0.0,0.0
ACH-000012,0.0,0.0,0.0,0.0
ACH-000444,0.0,0.0,0.0,0.0
ACH-000681,0.0,0.0,0.0,0.0
ACH-000416,0.0,0.0,2.0,0.0
ACH-000667,0.0,2.0,2.0,0.0
ACH-000891,0.0,0.0,2.0,0.0
ACH-000858,0.0,0.0,2.0,2.0
ACH-000769,0.0,0.0,2.0,2.0
ACH-000562,0.0,0.0,2.0,2.0
ACH-000893,0.0,0.0,2.0,0.0
ACH-000414,0.0,0.0,0.0,0.0
ACH-000841,0.0,1.0,2.0,0.0
ACH-000869,0.0,0.0,2.0,0.0
ACH-000866,0.0,2.0,1.0,0.0
ACH-000482,0.0,0.0,2.0,0.0
ACH-000030,0.0,0.0,2.0,2.0
ACH-000062,0.0,0.0,2.0,0.0
